CREATE DATABASE  IF NOT EXISTS `boooks` /*!40100 DEFAULT CHARACTER SET latin1 */;
USE `boooks`;
-- MySQL dump 10.13  Distrib 5.5.24, for debian-linux-gnu (i686)
--
-- Host: localhost    Database: boooks
-- ------------------------------------------------------
-- Server version	5.5.24-0ubuntu0.12.04.1

/*!40101 SET @OLD_CHARACTER_SET_CLIENT=@@CHARACTER_SET_CLIENT */;
/*!40101 SET @OLD_CHARACTER_SET_RESULTS=@@CHARACTER_SET_RESULTS */;
/*!40101 SET @OLD_COLLATION_CONNECTION=@@COLLATION_CONNECTION */;
/*!40101 SET NAMES utf8 */;
/*!40103 SET @OLD_TIME_ZONE=@@TIME_ZONE */;
/*!40103 SET TIME_ZONE='+00:00' */;
/*!40014 SET @OLD_UNIQUE_CHECKS=@@UNIQUE_CHECKS, UNIQUE_CHECKS=0 */;
/*!40014 SET @OLD_FOREIGN_KEY_CHECKS=@@FOREIGN_KEY_CHECKS, FOREIGN_KEY_CHECKS=0 */;
/*!40101 SET @OLD_SQL_MODE=@@SQL_MODE, SQL_MODE='NO_AUTO_VALUE_ON_ZERO' */;
/*!40111 SET @OLD_SQL_NOTES=@@SQL_NOTES, SQL_NOTES=0 */;

--
-- Table structure for table `GENRE`
--

DROP TABLE IF EXISTS `GENRE`;
/*!40101 SET @saved_cs_client     = @@character_set_client */;
/*!40101 SET character_set_client = utf8 */;
CREATE TABLE `GENRE` (
  `GENRE_ID` bigint(20) NOT NULL AUTO_INCREMENT,
  `LI_GENRE` varchar(255) DEFAULT NULL,
  PRIMARY KEY (`GENRE_ID`)
) ENGINE=InnoDB AUTO_INCREMENT=6 DEFAULT CHARSET=latin1;
/*!40101 SET character_set_client = @saved_cs_client */;

--
-- Dumping data for table `GENRE`
--

LOCK TABLES `GENRE` WRITE;
/*!40000 ALTER TABLE `GENRE` DISABLE KEYS */;
INSERT INTO `GENRE` (`GENRE_ID`, `LI_GENRE`) VALUES (1,'Science fiction');
INSERT INTO `GENRE` (`GENRE_ID`, `LI_GENRE`) VALUES (2,'Policier');
INSERT INTO `GENRE` (`GENRE_ID`, `LI_GENRE`) VALUES (3,'Amour');
INSERT INTO `GENRE` (`GENRE_ID`, `LI_GENRE`) VALUES (4,'Fantastique');
INSERT INTO `GENRE` (`GENRE_ID`, `LI_GENRE`) VALUES (5,'Heroic Fantasy');
/*!40000 ALTER TABLE `GENRE` ENABLE KEYS */;
UNLOCK TABLES;

--
-- Table structure for table `BOOK`
--

DROP TABLE IF EXISTS `BOOK`;
/*!40101 SET @saved_cs_client     = @@character_set_client */;
/*!40101 SET character_set_client = utf8 */;
CREATE TABLE `BOOK` (
  `BOOK_ID` bigint(20) NOT NULL AUTO_INCREMENT,
  `AUTHOR` varchar(255) DEFAULT NULL,
  `DESCRIPTION` varchar(255) DEFAULT NULL,
  `KEYWORDS` varchar(255) DEFAULT NULL,
  `NB_PAGE` int(11) DEFAULT NULL,
  `PUBLISH_DATE` datetime DEFAULT NULL,
  `RESUME` varchar(255) DEFAULT NULL,
  `TITLE` varchar(255) DEFAULT NULL,
  `GENRE_ID` bigint(20) DEFAULT NULL,
  `TYPE_ID` bigint(20) DEFAULT NULL,
  PRIMARY KEY (`BOOK_ID`),
  KEY `FK1F32E96BF043C4` (`TYPE_ID`),
  KEY `FK1F32E9A63C13D0` (`GENRE_ID`),
  CONSTRAINT `FK1F32E96BF043C4` FOREIGN KEY (`TYPE_ID`) REFERENCES `TYPE` (`TYPE_ID`),
  CONSTRAINT `FK1F32E9A63C13D0` FOREIGN KEY (`GENRE_ID`) REFERENCES `GENRE` (`GENRE_ID`)
) ENGINE=InnoDB DEFAULT CHARSET=latin1;
/*!40101 SET character_set_client = @saved_cs_client */;

--
-- Dumping data for table `BOOK`
--

LOCK TABLES `BOOK` WRITE;
/*!40000 ALTER TABLE `BOOK` DISABLE KEYS */;
/*!40000 ALTER TABLE `BOOK` ENABLE KEYS */;
UNLOCK TABLES;

--
-- Table structure for table `USER`
--

DROP TABLE IF EXISTS `USER`;
/*!40101 SET @saved_cs_client     = @@character_set_client */;
/*!40101 SET character_set_client = utf8 */;
CREATE TABLE `USER` (
  `USER_ID` bigint(20) NOT NULL AUTO_INCREMENT,
  `ACTIVE` tinyint(1) NOT NULL,
  `PASSWORD` varchar(255) NOT NULL,
  `BIRTHDATE` date NOT NULL,
  `FIRSTNAME` varchar(255) NOT NULL,
  `LASTNAME` varchar(255) NOT NULL,
  `SEX` varchar(255) NOT NULL,
  `EMAIL` varchar(255) NOT NULL,
  PRIMARY KEY (`USER_ID`),
  UNIQUE KEY `EMAIL_UNIQUE` (`EMAIL`)
) ENGINE=InnoDB AUTO_INCREMENT=19 DEFAULT CHARSET=latin1;
/*!40101 SET character_set_client = @saved_cs_client */;

--
-- Dumping data for table `USER`
--

LOCK TABLES `USER` WRITE;
/*!40000 ALTER TABLE `USER` DISABLE KEYS */;
INSERT INTO `USER` (`USER_ID`, `ACTIVE`, `PASSWORD`, `BIRTHDATE`, `FIRSTNAME`, `LASTNAME`, `SEX`, `EMAIL`) VALUES (1,1,'0d05845a31cfa01390dee7a91fb7c8ee2590fcee7875fa9a80583e307f10e4f7','1998-12-12','Grégory','OLIVER','MALE','gregory@boooks.fr');
INSERT INTO `USER` (`USER_ID`, `ACTIVE`, `PASSWORD`, `BIRTHDATE`, `FIRSTNAME`, `LASTNAME`, `SEX`, `EMAIL`) VALUES (3,1,'04f8996da763b7a969b1028ee3007569eaf3a635486ddab211d512c85b9df8fb','2002-12-13','User','USER','MALE','user@boooks.fr');
INSERT INTO `USER` (`USER_ID`, `ACTIVE`, `PASSWORD`, `BIRTHDATE`, `FIRSTNAME`, `LASTNAME`, `SEX`, `EMAIL`) VALUES (4,1,'8c6976e5b5410415bde908bd4dee15dfb167a9c873fc4bb8a81f6f2ab448a918','2015-11-16','Admin','ADMIN','MALE','admin@boooks.fr');
INSERT INTO `USER` (`USER_ID`, `ACTIVE`, `PASSWORD`, `BIRTHDATE`, `FIRSTNAME`, `LASTNAME`, `SEX`, `EMAIL`) VALUES (10,1,'4d0687a8ce384ce2f6742deb87d634c470167438548b5c20277fccd9b6873210','1998-02-01','gnou','gnou','OTHER','gnou');
INSERT INTO `USER` (`USER_ID`, `ACTIVE`, `PASSWORD`, `BIRTHDATE`, `FIRSTNAME`, `LASTNAME`, `SEX`, `EMAIL`) VALUES (11,1,'4d0687a8ce384ce2f6742deb87d634c470167438548b5c20277fccd9b6873210','1889-02-11','gnou2','gnou2','OTHER','gnou2');
INSERT INTO `USER` (`USER_ID`, `ACTIVE`, `PASSWORD`, `BIRTHDATE`, `FIRSTNAME`, `LASTNAME`, `SEX`, `EMAIL`) VALUES (12,1,'7e40b23e521be18f00737085c99ba53ec3564f3fa344e2814fd743818c68f413','1887-02-11','gnou3','gnou3','MALE','gnou3');
INSERT INTO `USER` (`USER_ID`, `ACTIVE`, `PASSWORD`, `BIRTHDATE`, `FIRSTNAME`, `LASTNAME`, `SEX`, `EMAIL`) VALUES (14,1,'dd98e64daf14b306840a686f2903308abdee9589f5e287f44fe6485f0676fdf4','1998-03-12','gnou5','gnou5','MALE','gregory.oliver@boooks.fr');
INSERT INTO `USER` (`USER_ID`, `ACTIVE`, `PASSWORD`, `BIRTHDATE`, `FIRSTNAME`, `LASTNAME`, `SEX`, `EMAIL`) VALUES (15,0,'9b7ecc6eeb83abf9ade10fe38865df4499be3568dcc507ae2ec3b44989cb0093','2343-02-01','zz','dd','FEMALE','dd@dd.fr');
INSERT INTO `USER` (`USER_ID`, `ACTIVE`, `PASSWORD`, `BIRTHDATE`, `FIRSTNAME`, `LASTNAME`, `SEX`, `EMAIL`) VALUES (16,0,'9b7ecc6eeb83abf9ade10fe38865df4499be3568dcc507ae2ec3b44989cb0093','1998-03-31','zz','dd','FEMALE','aa@dd.fr');
INSERT INTO `USER` (`USER_ID`, `ACTIVE`, `PASSWORD`, `BIRTHDATE`, `FIRSTNAME`, `LASTNAME`, `SEX`, `EMAIL`) VALUES (17,0,'9b7ecc6eeb83abf9ade10fe38865df4499be3568dcc507ae2ec3b44989cb0093','1998-03-31','dd','gg','FEMALE','email@meil.fr');
INSERT INTO `USER` (`USER_ID`, `ACTIVE`, `PASSWORD`, `BIRTHDATE`, `FIRSTNAME`, `LASTNAME`, `SEX`, `EMAIL`) VALUES (18,0,'9b7ecc6eeb83abf9ade10fe38865df4499be3568dcc507ae2ec3b44989cb0093','1998-02-28','jeargoe','heagkj','FEMALE','george@boooks.fr');
/*!40000 ALTER TABLE `USER` ENABLE KEYS */;
UNLOCK TABLES;

--
-- Table structure for table `SECURITY_ROLE`
--

DROP TABLE IF EXISTS `SECURITY_ROLE`;
/*!40101 SET @saved_cs_client     = @@character_set_client */;
/*!40101 SET character_set_client = utf8 */;
CREATE TABLE `SECURITY_ROLE` (
  `ROLE_NAME` varchar(255) NOT NULL,
  `USER_ID` bigint(20) NOT NULL,
  PRIMARY KEY (`ROLE_NAME`,`USER_ID`),
  KEY `FK918752151A9A5A67` (`USER_ID`),
  CONSTRAINT `FK918752151A9A5A67` FOREIGN KEY (`USER_ID`) REFERENCES `USER` (`USER_ID`)
) ENGINE=InnoDB DEFAULT CHARSET=latin1;
/*!40101 SET character_set_client = @saved_cs_client */;

--
-- Dumping data for table `SECURITY_ROLE`
--

LOCK TABLES `SECURITY_ROLE` WRITE;
/*!40000 ALTER TABLE `SECURITY_ROLE` DISABLE KEYS */;
INSERT INTO `SECURITY_ROLE` (`ROLE_NAME`, `USER_ID`) VALUES ('ADMIN',1);
INSERT INTO `SECURITY_ROLE` (`ROLE_NAME`, `USER_ID`) VALUES ('USER',1);
INSERT INTO `SECURITY_ROLE` (`ROLE_NAME`, `USER_ID`) VALUES ('USER',3);
INSERT INTO `SECURITY_ROLE` (`ROLE_NAME`, `USER_ID`) VALUES ('ADMIN',4);
INSERT INTO `SECURITY_ROLE` (`ROLE_NAME`, `USER_ID`) VALUES ('USER',10);
INSERT INTO `SECURITY_ROLE` (`ROLE_NAME`, `USER_ID`) VALUES ('USER',11);
INSERT INTO `SECURITY_ROLE` (`ROLE_NAME`, `USER_ID`) VALUES ('USER',12);
INSERT INTO `SECURITY_ROLE` (`ROLE_NAME`, `USER_ID`) VALUES ('USER',14);
INSERT INTO `SECURITY_ROLE` (`ROLE_NAME`, `USER_ID`) VALUES ('USER',15);
INSERT INTO `SECURITY_ROLE` (`ROLE_NAME`, `USER_ID`) VALUES ('USER',16);
INSERT INTO `SECURITY_ROLE` (`ROLE_NAME`, `USER_ID`) VALUES ('USER',17);
INSERT INTO `SECURITY_ROLE` (`ROLE_NAME`, `USER_ID`) VALUES ('USER',18);
/*!40000 ALTER TABLE `SECURITY_ROLE` ENABLE KEYS */;
UNLOCK TABLES;

--
-- Table structure for table `TYPE`
--

DROP TABLE IF EXISTS `TYPE`;
/*!40101 SET @saved_cs_client     = @@character_set_client */;
/*!40101 SET character_set_client = utf8 */;
CREATE TABLE `TYPE` (
  `TYPE_ID` bigint(20) NOT NULL AUTO_INCREMENT,
  `LI_TYPE` varchar(255) DEFAULT NULL,
  PRIMARY KEY (`TYPE_ID`)
) ENGINE=InnoDB AUTO_INCREMENT=6 DEFAULT CHARSET=latin1;
/*!40101 SET character_set_client = @saved_cs_client */;

--
-- Dumping data for table `TYPE`
--

LOCK TABLES `TYPE` WRITE;
/*!40000 ALTER TABLE `TYPE` DISABLE KEYS */;
INSERT INTO `TYPE` (`TYPE_ID`, `LI_TYPE`) VALUES (1,'Nouvelle');
INSERT INTO `TYPE` (`TYPE_ID`, `LI_TYPE`) VALUES (2,'Roman');
INSERT INTO `TYPE` (`TYPE_ID`, `LI_TYPE`) VALUES (3,'Essai');
INSERT INTO `TYPE` (`TYPE_ID`, `LI_TYPE`) VALUES (4,'Thèse');
INSERT INTO `TYPE` (`TYPE_ID`, `LI_TYPE`) VALUES (5,'Manga');
/*!40000 ALTER TABLE `TYPE` ENABLE KEYS */;
UNLOCK TABLES;

--
-- Table structure for table `TEMP_KEY`
--

DROP TABLE IF EXISTS `TEMP_KEY`;
/*!40101 SET @saved_cs_client     = @@character_set_client */;
/*!40101 SET character_set_client = utf8 */;
CREATE TABLE `TEMP_KEY` (
  `EMAIL` varchar(255) NOT NULL,
  `TEMP_KEY` varchar(255) NOT NULL,
  PRIMARY KEY (`EMAIL`,`TEMP_KEY`)
) ENGINE=InnoDB DEFAULT CHARSET=latin1;
/*!40101 SET character_set_client = @saved_cs_client */;

--
-- Dumping data for table `TEMP_KEY`
--

LOCK TABLES `TEMP_KEY` WRITE;
/*!40000 ALTER TABLE `TEMP_KEY` DISABLE KEYS */;
INSERT INTO `TEMP_KEY` (`EMAIL`, `TEMP_KEY`) VALUES ('aa@dd.fr','c3d5e072-7e06-42c2-8220-f69c9bc6967d');
INSERT INTO `TEMP_KEY` (`EMAIL`, `TEMP_KEY`) VALUES ('dd@dd.fr','76b5ea97-f59b-4bf2-91bc-c5db9b238300');
INSERT INTO `TEMP_KEY` (`EMAIL`, `TEMP_KEY`) VALUES ('email@meil.fr','13eb5c39-41fa-4382-8dc6-5a471a1fe56f');
INSERT INTO `TEMP_KEY` (`EMAIL`, `TEMP_KEY`) VALUES ('george@boooks.fr','b738bf22-e38d-431c-b7c0-7e6d1fc1d907');
INSERT INTO `TEMP_KEY` (`EMAIL`, `TEMP_KEY`) VALUES ('gnou2','ca597a7f-33ad-45d8-920d-9d581ff407aa');
INSERT INTO `TEMP_KEY` (`EMAIL`, `TEMP_KEY`) VALUES ('gnou3','0efee92f-d28a-4e1f-a773-55f3ca86a28b');
/*!40000 ALTER TABLE `TEMP_KEY` ENABLE KEYS */;
UNLOCK TABLES;
/*!40103 SET TIME_ZONE=@OLD_TIME_ZONE */;

/*!40101 SET SQL_MODE=@OLD_SQL_MODE */;
/*!40014 SET FOREIGN_KEY_CHECKS=@OLD_FOREIGN_KEY_CHECKS */;
/*!40014 SET UNIQUE_CHECKS=@OLD_UNIQUE_CHECKS */;
/*!40101 SET CHARACTER_SET_CLIENT=@OLD_CHARACTER_SET_CLIENT */;
/*!40101 SET CHARACTER_SET_RESULTS=@OLD_CHARACTER_SET_RESULTS */;
/*!40101 SET COLLATION_CONNECTION=@OLD_COLLATION_CONNECTION */;
/*!40111 SET SQL_NOTES=@OLD_SQL_NOTES */;

-- Dump completed on 2012-10-24 16:55:09
